name, address,company name, phone,latitude, longitude, distance from Vancouver
Patricia Lebsack, Apt. 692  Hoeger Mall South Elvis  53919-4257, Robel-Corkery, 493-170-9623 x156, 29.4572,-164.299, 3946.66511883698
Glenna Reichert, Suite 449  Dayna Park Bartholomebury  76495-3109, Yost and Sons, (775)976-6794 x41206, 24.6463,-168.8889, 3967.8648724584
Kurtis Weissnat, Suite 280  Rex Trail Howemouth  58804-1099, Johns Group, 210.067.6132, 24.8918,21.8984, 5405.04908371293
Leanne Graham, Apt. 556  Kulas Light Gwenborough  92998-3874, Romaguera-Crona, 1-770-736-8031 x56442, -37.3159,81.1496, 6509.87869028783
Chelsey Dietrich, Suite 351  Skiles Walks Roscoeview  33263, Keebler LLC, (254)954-1289, -31.8129,62.5342, 6722.98023580081
Clementina DuBuque, Suite 198  Kattie Turnpike Lebsackbury  31428-2261, Hoeger LLC, 024-648-3804, -38.2386,57.2232, 7258.32351630482
Nicholas Runolfsdottir V, Suite 729  Ellsworth Summit Aliyaview  45169, Abernathy Group, 586.493.6943 x140, -14.399,-120.7677, 8139.04961882165
Mrs. Dennis Schulist, Apt. 950  Norberto Crossing South Christy  23505-1337, Considine-Lockman, 1-477-935-8478 x6430, -71.4197,71.7478, 8709.14079322723
Clementine Bauch, Suite 847  Douglas Extension McKenziehaven  59590-4157, Romaguera-Jacobson, 1-463-123-4447, -68.6102,-47.0653, 11059.0925383667
Ervin Howell, Suite 879  Victor Plains Wisokyburgh  90566-7771, Deckow-Crist, 010-692-6593 x09125, -43.9509,-34.4618, 11314.6192666261
